HSS_NAME,HSS_IP
hss-1,10.30.100.11
hss-2,10.30.100.12
hss-3,10.30.100.13
hss-4,10.30.100.14
hss-5,10.30.100.15
hss-6,10.30.100.16
hss-7,10.30.100.17
hss-8,10.30.100.18
hss-9,10.30.100.19
hss-10,10.30.100.20
hss-11,10.30.100.21
hss-12,10.30.100.22
hss-13,10.30.100.23
hss-14,10.30.100.24
hss-15,10.30.100.25
hss-16,10.30.100.26
hss-17,10.30.100.27
hss-18,10.30.100.28
hss-19,10.30.100.29
hss-20,10.30.100.30
hss-21,10.30.100.31
hss-22,10.30.100.32
hss-23,10.30.100.33
hss-24,10.30.100.34
hss-25,10.30.100.35
hss-26,10.30.100.36
hss-27,10.30.100.37
hss-28,10.30.100.38
hss-29,10.30.100.39
hss-30,10.30.100.40
hss-31,10.30.100.41
hss-32,10.30.100.42
hss-33,10.30.100.43
hss-34,10.30.100.44
hss-35,10.30.100.45
hss-36,10.30.100.46
hss-37,10.30.100.47
hss-38,10.30.100.48
hss-39,10.30.100.49
hss-40,10.30.100.50
